<?xml version="1.0" encoding="UTF-8" ?>
<extension version="3.1" type="library" method="upgrade">
   <name>Astroid Framework</name>
   <libraryname>astroid</libraryname>
   <author>JoomDev</author>
   <creationDate>Aug 2020</creationDate>
   <version>2.4.1</version>
   <url>https://www.astroidframework.com</url>
   <copyright>Copyright (C) 2020 Joomdev, Inc. All rights reserved.</copyright>
   <license>GNU General Public License version 2 or later; see LICENSE.txt</license>
   <authorEmail>info@joomdev.com</authorEmail>
   <authorUrl>https://www.joomdev.com</authorUrl>
   <description>Astroid Template Framework by JoomDev</description>
   <scriptfile>script.php</scriptfile>
   <files>
      <file>script.php</file>
      <folder>framework</folder>
      <folder>plugins</folder>
   </files>
   <media folder="media" destination="astroid">
      <folder>assets</folder>
      <folder>jd</folder>
   </media>
   <languages folder="language/en-GB">
      <language tag="en-GB">en-GB.astroid.ini</language>
      <language tag="en-GB">en-GB.astroid.sys.ini</language>
   </languages>
   <updateservers>
      <server type="extension" priority="1" name="Astroid Framework">https://cdn.joomdev.com/updates/astroid_framework.xml</server>
   </updateservers>
</extension>