<?xml version="1.0" encoding="utf-8"?>
<extension type="module" version="3.0" client="site" method="upgrade">
	<name>mod_tz_portfolio_plus_articles_archive</name>
	<author>DuongTVTemplaza</author>
	<creationDate>January 25th 2013</creationDate>
	<copyright>Copyright (C) 2015 TemPlaza. All rights reserved.</copyright>
	<license>GNU/GPL v2 or later http://www.gnu.org/licenses/gpl-2.0.html</license>
	<authorEmail>support@templaza.com</authorEmail>
	<authorUrl>www.templaza.com/</authorUrl>
	<version>2.4.2</version>
	<description>MOD_TZ_PORTFOLIO_PLUS_ARTICLES_ARCHIVE_XML_DESCRIPTION</description>
	<files>
		<filename module="mod_tz_portfolio_plus_articles_archive">mod_tz_portfolio_plus_articles_archive.php</filename>
		<folder>tmpl</folder>
		<filename>helper.php</filename>
		<filename>index.html</filename>
		<filename>mod_tz_portfolio_plus_articles_archive.xml</filename>
	</files>
	<languages folder="language">
		<language tag="en-GB">en-GB/en-GB.mod_tz_portfolio_plus_articles_archive.ini</language>
		<language tag="en-GB">en-GB/en-GB.mod_tz_portfolio_plus_articles_archive.sys.ini</language>
	</languages>
	<help key="JHELP_EXTENSIONS_MODULE_MANAGER_ARTICLES_ARCHIVE" />
	<config>
		<fields name="params" addfieldpath="/modules/mod_tz_portfolio_plus_articles_archive/fields">
			<fieldset name="basic" addfieldpath="administrator/components/com_tz_portfolio_plus/models/fields">
				<field name="count" type="number"
					default="10" min="0"
					label="MOD_TZ_PORTFOLIO_PLUS_ARTICLES_ARCHIVE_FIELD_COUNT_LABEL"
					description="MOD_TZ_PORTFOLIO_PLUS_ARTICLES_ARCHIVE_FIELD_COUNT_DESC" />
                <field name="show_article_count" type="radio"
                       class="switcher btn-group" default="1"
                       label="MOD_TZ_PORTFOLIO_PLUS_ARTICLES_ARCHIVE_SHOW_ARTICLE_COUNT_LABEL"
                        description="MOD_TZ_PORTFOLIO_PLUS_ARTICLES_ARCHIVE_SHOW_ARTICLE_COUNT_DESC">
                    <option value="0">JHIDE</option>
                    <option value="1">JSHOW</option>
                </field>

				<field name="tzmenuitem" type="menuitem" default="auto"
					   label="MOD_TZ_PORTFOLIO_PLUS_ARTICLES_ARCHIVE_CHOOSE_MENU_ITEMID_LABEL">
					<option value="auto">JGLOBAL_AUTO</option>
				</field>
				<field type="tztemplates" name="template_id"
					   label="COM_TZ_PORTFOLIO_PLUS_TEMPLATE_LABEL">
					<option value="0">JOPTION_USE_DEFAULT</option>
				</field>
			</fieldset>

			<fieldset name="advanced">
				<field name="layout" type="modulelayout"
					label="JFIELD_ALT_LAYOUT_LABEL"
					description="JFIELD_ALT_MODULE_LAYOUT_DESC" />

				<field name="moduleclass_sfx" type="text"
					label="COM_MODULES_FIELD_MODULECLASS_SFX_LABEL"
					description="COM_MODULES_FIELD_MODULECLASS_SFX_DESC" />

				<field name="cache" type="list"
					default="1"
					label="COM_MODULES_FIELD_CACHING_LABEL"
					description="COM_MODULES_FIELD_CACHING_DESC"
				>
					<option value="1">JGLOBAL_USE_GLOBAL</option>
					<option value="0">COM_MODULES_FIELD_VALUE_NOCACHING</option>
				</field>

				<field name="cache_time" type="text"
					default="900"
					label="COM_MODULES_FIELD_CACHE_TIME_LABEL"
					description="COM_MODULES_FIELD_CACHE_TIME_DESC" />
				<field
					name="cachemode"
					type="hidden"
					default="static">
					<option value="static"></option>
				</field>
				<field type="radio" name="enable_bootstrap"
					   default="0" class="switcher btn-group"
					   label="COM_TZ_PORTFOLIO_PLUS_ENABLE_BOOTSTRAP_LIBRARY_LABEL">
					<option value="0">JNO</option>
					<option value="1">JYES</option>
				</field>
				<field type="list" name="bootstrapversion"
					   default="3"
					   showon="enable_bootstrap:1"
					   label="COM_TZ_PORTFOLIO_PLUS_BOOTSTRAP_VERSION">
					<option value="3">JGLOBAL_SEF_ADVANCED_LEGACY</option>
					<option value="4">v4</option>
				</field>
				<field type="radio" name="enable_bootstrap_js"
					   default="1" class="switcher btn-group"
					   showon="enable_bootstrap:1"
					   label="COM_TZ_PORTFOLIO_PLUS_ENABLE_BOOTSTRAP_JS_LABEL">
					<option value="0">JNO</option>
					<option value="1">JYES</option>
				</field>
			</fieldset>
		</fields>
	</config>
</extension>
