<?xml version="1.0" encoding="UTF-8"?>
<!DOCTYPE install PUBLIC "-//Joomla! 2.5//DTD template 1.0//EN" "https://www.joomla.org/xml/dtd/1.6/template-install.dtd">
<extension type="package" version="3.1" method="upgrade">
   <name>Astroid Package</name>
   <packagename>astroid</packagename>
   <packager>JoomDev</packager>
   <packagerurl>https://www.joomdev.com/astroid</packagerurl>
   <author>JoomDev</author>
   <creationDate>August 2020</creationDate>
   <version>1.2</version>
   <url>https://www.joomdev.com</url>
   <copyright>Copyright (C) 2020 Joomdev, Inc. All rights reserved.</copyright>
   <license>GNU General Public License version 2 or later; see LICENSE.txt</license>
   <authorEmail>info@joomdev.com</authorEmail>
   <authorUrl>https://www.joomdev.com</authorUrl>
   <description></description>
   <scriptfile>pkg_jdparis.php</scriptfile>
   <files folder="astroid">
      <folder type="library" id="astroid" client="site">astroid-framework</folder>
      <folder type="template" id="jd_paris" client="site">jd_paris</folder>
   </files>
</extension>