{
   "preloader": "0",
   "preloder_setting": "animations",
   "preloader_image": "",
   "preloader_image_repeat": "",
   "preloader_image_size": "",
   "preloader_image_position": "",
   "preloader_animation": "circle",
   "preloader_fontawesome": "spinner",
   "preloader_color": "rgb(0, 123, 255)",
   "preloader_bgcolor": "rgba(255, 255, 255, 0.7)",
   "preloader_size": "40",
   "sass_variables": {
      "spinkit-size": "smooth_scroll_speed"
   },
   "backtotop": "1",
   "backtotop_icon": "fas fa-long-arrow-alt-up",
   "backtotop_icon_size": "20",
   "backtotop_icon_color": "rgb(255, 255, 255)",
   "backtotop_icon_bgcolor": "rgb(47, 142, 237)",
   "backtotop_icon_style": "square",
   "backtotop_on_mobile": "1",
   "template_layout": "wide",
   "layout_background_image": "tower.jpg",
   "layout_background_repeat": "",
   "layout_background_size": "",
   "layout_background_position": "",
   "layout_background_attachment": "",
   "enable_smooth_scroll": "0",
   "smooth_scroll_speed": "300",
   "header": "1",
   "header_module_position": "astroid-header",
   "header_mode": "stacked",
   "header_horizontal_menu_mode": "right",
   "header_sidebar_menu_mode": "left",
   "header_stacked_menu_mode": "seperated",
   "odd_menu_items": "right",
   "header_block_1_type": "blank",
   "header_block_1_position": "",
   "header_block_1_custom": "button",
   "header_block_2_type": "blank",
   "header_block_2_position": "",
   "header_block_2_custom": "button",
   "header_menu": "mainmenu",
   "header_startLevel": "1",
   "header_endLevel": "0",
   "header_mobile_menu": "mainmenu",
   "header_mobile_startLevel": "1",
   "header_mobile_endLevel": "0",
   "dropdown_trigger": "hover",
   "dropdown_arrow": "1",
   "logo_type": "image",
   "logo_text": "Astroid",
   "tag_line": "Your Joomla site Title",
   "logo_link_type": "default",
   "logo_link_custom": "#",
   "logo_link_target_blank": "0",
   "defult_logo": "jd_paris\/logo.png",
   "mobile_logo": "jd_paris\/logo_mobile.png",
   "enable_sticky_menu": "1",
   "stickey_horizontal_menu_mode": "right",
   "stickey_header_logo": "jd_paris\/logo_sticky.png",
   "stickey_block_1_type": "blank",
   "stickey_block_1_position": "",
   "stickey_block_1_custom": "",
   "stickyheader": "sticky",
   "stickyheadertablet": "static",
   "stickyheadermobile": "static",
   "enable_offcanvas": "1",
   "offcanvas_togglevisibility": "d-block",
   "offcanvas_panelwidth": "320px",
   "offcanvas_animation": "st-effect-3",
   "offcanvas_direction": "offcanvasDirLeft",
   "dropdown_animation_type": "slide",
   "dropdown_animation_speed": "300",
   "dropdown_animation_ease": "linear",
   "body_background_color": "rgb(255, 255, 255)",
   "body_text_color": "rgb(33, 37, 41)",
   "body_link_color": "rgb(0, 123, 255)",
   "body_link_hover_color": "rgb(0, 123, 255)",
   "header_bg": "rgb(255, 255, 255)",
   "header_text_color": "rgb(33, 37, 41)",
   "header_logo_text_color": "rgb(0, 123, 255)",
   "header_logo_text_tagline_color": "rgb(0, 123, 255)",
   "stick_header_bg_color": "rgb(255, 255, 255)",
   "stick_header_menu_link_color": "rgb(33, 37, 41)",
   "stick_header_menu_link_active_color": "rgb(0, 123, 255)",
   "stick_header_menu_link_hover_color": "rgb(0, 123, 255)",
   "main_menu_link_color": "rgb(33, 37, 41)",
   "main_menu_link_active_color": "rgb(0, 123, 255)",
   "main_menu_link_hover_color": "rgb(0, 123, 255)",
   "dropdown_bg_color": "rgb(255, 255, 255)",
   "dropdown_link_color": "rgb(33, 37, 41)",
   "dropdown_menu_active_link_color": "rgb(255, 255, 255)",
   "dropdown_menu_active_bg_color": "rgb(0, 123, 255)",
   "dropdown_menu_link_hover_color": "rgb(255, 255, 255)",
   "dropdown_menu_hover_bg_color": "rgb(0, 123, 255)",
   "mobile_backgroundcolor": "rgb(255, 255, 255)",
   "mobile_menu_text_color": "rgb(33, 37, 41)",
   "mobile_menu_link_color": "rgb(33, 37, 41)",
   "mobile_menu_active_link_color": "rgb(0, 123, 255)",
   "mobile_menu_active_bg_color": "rgb(255, 255, 255)",
   "mobile_menu_icon_color": "",
   "mobile_menu_active_icon_color": "",
   "mobilemenu_backgroundcolor": "",
   "mobilemenu_menu_text_color": "",
   "mobilemenu_menu_link_color": "",
   "mobilemenu_menu_active_link_color": "",
   "mobilemenu_menu_active_bg_color": "",
   "mobilemenu_menu_icon_color": "",
   "mobilemenu_menu_active_icon_color": "",
   "layout": "{\"sections\":[{\"id\":\"1528971557124\",\"type\":\"section\",\"rows\":[{\"id\":\"1528971598876\",\"cols\":[{\"id\":\"1528971598876\",\"elements\":[{\"id\":\"1528971641604\",\"type\":\"module_position\",\"params\":[{\"name\":\"position\",\"value\":\"astroid-top-contact\"},{\"name\":\"title\",\"value\":\"astroid-top-contact\"},{\"name\":\"customclass\",\"value\":\"\"},{\"name\":\"customid\",\"value\":\"\"},{\"name\":\"animation\",\"value\":\"\"},{\"name\":\"animation_delay\",\"value\":\"\"},{\"name\":\"background\",\"value\":\"0\"},{\"name\":\"background_color\",\"value\":\"\"},{\"name\":\"background_image\",\"value\":\"\"},{\"name\":\"background_repeat\",\"value\":\"\"},{\"name\":\"background_size\",\"value\":\"\"},{\"name\":\"background_attchment\",\"value\":\"\"},{\"name\":\"background_position\",\"value\":\"\"},{\"name\":\"background_video\",\"value\":\"\"},{\"name\":\"hideonxs\",\"value\":\"0\"},{\"name\":\"hideonsm\",\"value\":\"0\"},{\"name\":\"hideonmd\",\"value\":\"0\"},{\"name\":\"hideonlg\",\"value\":\"0\"},{\"name\":\"hideonxl\",\"value\":\"0\"}]}],\"size\":\"5\",\"type\":\"column\"},{\"id\":\"1528971598876\",\"elements\":[{\"id\":\"1528971649704\",\"type\":\"module_position\",\"params\":[{\"name\":\"position\",\"value\":\"topbar-1\"},{\"name\":\"title\",\"value\":\"topbar 1\"},{\"name\":\"customclass\",\"value\":\"\"},{\"name\":\"customid\",\"value\":\"\"},{\"name\":\"animation\",\"value\":\"\"},{\"name\":\"animation_delay\",\"value\":\"\"},{\"name\":\"background\",\"value\":\"0\"},{\"name\":\"background_color\",\"value\":\"\"},{\"name\":\"background_image\",\"value\":\"\"},{\"name\":\"background_repeat\",\"value\":\"\"},{\"name\":\"background_size\",\"value\":\"\"},{\"name\":\"background_attchment\",\"value\":\"\"},{\"name\":\"background_position\",\"value\":\"\"},{\"name\":\"background_video\",\"value\":\"\"},{\"name\":\"hideonxs\",\"value\":\"0\"},{\"name\":\"hideonsm\",\"value\":\"0\"},{\"name\":\"hideonmd\",\"value\":\"0\"},{\"name\":\"hideonlg\",\"value\":\"0\"},{\"name\":\"hideonxl\",\"value\":\"0\"}]}],\"size\":\"7\",\"type\":\"column\",\"params\":[{\"name\":\"title\",\"value\":\"\"},{\"name\":\"customclass\",\"value\":\"d-flex justify-content-end\"},{\"name\":\"customid\",\"value\":\"\"},{\"name\":\"animation\",\"value\":\"\"},{\"name\":\"animation_delay\",\"value\":\"\"},{\"name\":\"background_setting\",\"value\":\"0\"},{\"name\":\"background_color\",\"value\":\"\"},{\"name\":\"background_image\",\"value\":\"\"},{\"name\":\"background_repeat\",\"value\":\"\"},{\"name\":\"background_size\",\"value\":\"\"},{\"name\":\"background_attchment\",\"value\":\"\"},{\"name\":\"background_position\",\"value\":\"\"},{\"name\":\"background_video\",\"value\":\"\"},{\"name\":\"background_gradient\",\"value\":\"{\\\"type\\\":\\\"linear\\\",\\\"start\\\":\\\"rgba(0, 0, 0, 0)\\\",\\\"stop\\\":\\\"rgba(0, 0, 0, 0)\\\"}\"},{\"name\":\"background_gradient[gradient_type]\",\"value\":\"linear\"},{\"name\":\"background_gradient[start_color]\",\"value\":\"rgba(0, 0, 0, 0)\"},{\"name\":\"background_gradient[stop_color]\",\"value\":\"rgba(0, 0, 0, 0)\"},{\"name\":\"custom_colors\",\"value\":\"0\"},{\"name\":\"text_color\",\"value\":\"\"},{\"name\":\"link_color\",\"value\":\"\"},{\"name\":\"link_hover_color\",\"value\":\"\"},{\"name\":\"responsive\",\"value\":\"\"}]}],\"type\":\"row\"}],\"params\":[{\"name\":\"title\",\"value\":\"Top Bar Section\"},{\"name\":\"customclass\",\"value\":\"py-1\"},{\"name\":\"customid\",\"value\":\"\"},{\"name\":\"layout_type\",\"value\":\"\"},{\"name\":\"custom_container_class\",\"value\":\"\"},{\"name\":\"animation\",\"value\":\"\"},{\"name\":\"animation_delay\",\"value\":\"\"},{\"name\":\"background_setting\",\"value\":\"color\"},{\"name\":\"background_color\",\"value\":\"rgb(0, 123, 255)\"},{\"name\":\"background_image\",\"value\":\"\"},{\"name\":\"background_repeat\",\"value\":\"\"},{\"name\":\"background_size\",\"value\":\"\"},{\"name\":\"background_attchment\",\"value\":\"\"},{\"name\":\"background_position\",\"value\":\"\"},{\"name\":\"background_video\",\"value\":\"\"},{\"name\":\"background_gradient\",\"value\":\"{\\\"type\\\":\\\"linear\\\",\\\"start\\\":\\\"rgba(0, 0, 0, 0)\\\",\\\"stop\\\":\\\"rgba(0, 0, 0, 0)\\\"}\"},{\"name\":\"background_gradient[gradient_type]\",\"value\":\"linear\"},{\"name\":\"background_gradient[start_color]\",\"value\":\"rgba(0, 0, 0, 0)\"},{\"name\":\"background_gradient[stop_color]\",\"value\":\"rgba(0, 0, 0, 0)\"},{\"name\":\"custom_colors\",\"value\":\"1\"},{\"name\":\"text_color\",\"value\":\"rgb(255, 255, 255)\"},{\"name\":\"link_color\",\"value\":\"rgb(255, 255, 255)\"},{\"name\":\"link_hover_color\",\"value\":\"rgb(255, 255, 255)\"},{\"name\":\"hideonxs\",\"value\":\"1\"},{\"name\":\"hideonsm\",\"value\":\"1\"},{\"name\":\"hideonmd\",\"value\":\"1\"},{\"name\":\"hideonlg\",\"value\":\"0\"},{\"name\":\"hideonxl\",\"value\":\"0\"}]},{\"id\":\"1529472563843\",\"type\":\"section\",\"rows\":[{\"id\":\"1529472563843\",\"cols\":[{\"id\":\"1529472563843\",\"elements\":[{\"id\":\"1529472563843\",\"type\":\"module_position\",\"params\":[{\"name\":\"position\",\"value\":\"astroid-header\"},{\"name\":\"title\",\"value\":\"Astroid Header\"},{\"name\":\"customclass\",\"value\":\"\"},{\"name\":\"customid\",\"value\":\"\"},{\"name\":\"background\",\"value\":\"0\"},{\"name\":\"background_color\",\"value\":\"\"},{\"name\":\"background_image\",\"value\":\"\"},{\"name\":\"background_repeat\",\"value\":\"\"},{\"name\":\"background_size\",\"value\":\"\"},{\"name\":\"background_attchment\",\"value\":\"\"},{\"name\":\"background_position\",\"value\":\"\"},{\"name\":\"background_video\",\"value\":\"\"},{\"name\":\"animation\",\"value\":\"\"},{\"name\":\"hideonxs\",\"value\":\"0\"},{\"name\":\"hideonsm\",\"value\":\"0\"},{\"name\":\"hideonmd\",\"value\":\"0\"},{\"name\":\"hideonlg\",\"value\":\"0\"},{\"name\":\"hideonxl\",\"value\":\"0\"}]}],\"size\":12,\"type\":\"column\"}],\"type\":\"row\"}],\"params\":[{\"name\":\"title\",\"value\":\"Header Section\"},{\"name\":\"customclass\",\"value\":\"p-0\"},{\"name\":\"customid\",\"value\":\"\"},{\"name\":\"layout_type\",\"value\":\"\"},{\"name\":\"custom_container_class\",\"value\":\"\"},{\"name\":\"animation\",\"value\":\"\"},{\"name\":\"animation_delay\",\"value\":\"\"},{\"name\":\"background_setting\",\"value\":\"color\"},{\"name\":\"background_color\",\"value\":\"\"},{\"name\":\"background_image\",\"value\":\"\"},{\"name\":\"background_repeat\",\"value\":\"\"},{\"name\":\"background_size\",\"value\":\"\"},{\"name\":\"background_attchment\",\"value\":\"\"},{\"name\":\"background_position\",\"value\":\"\"},{\"name\":\"background_video\",\"value\":\"\"},{\"name\":\"background_gradient\",\"value\":\"{\\\"type\\\":\\\"linear\\\",\\\"start\\\":\\\"rgba(0, 0, 0, 0)\\\",\\\"stop\\\":\\\"rgba(0, 0, 0, 0)\\\"}\"},{\"name\":\"background_gradient[gradient_type]\",\"value\":\"linear\"},{\"name\":\"background_gradient[start_color]\",\"value\":\"rgba(0, 0, 0, 0)\"},{\"name\":\"background_gradient[stop_color]\",\"value\":\"rgba(0, 0, 0, 0)\"},{\"name\":\"custom_colors\",\"value\":\"0\"},{\"name\":\"text_color\",\"value\":\"\"},{\"name\":\"link_color\",\"value\":\"\"},{\"name\":\"link_hover_color\",\"value\":\"\"},{\"name\":\"hideonxs\",\"value\":\"0\"},{\"name\":\"hideonsm\",\"value\":\"0\"},{\"name\":\"hideonmd\",\"value\":\"0\"},{\"name\":\"hideonlg\",\"value\":\"0\"},{\"name\":\"hideonxl\",\"value\":\"0\"}]},{\"id\":\"951547097544717\",\"type\":\"section\",\"rows\":[{\"id\":\"971547097544717\",\"cols\":[{\"id\":\"171547097544717\",\"elements\":[{\"id\":\"841547097554597\",\"type\":\"module_position\",\"params\":[{\"name\":\"position\",\"value\":\"hero-section\"},{\"name\":\"title\",\"value\":\"Hero- Section\"},{\"name\":\"customclass\",\"value\":\"\"},{\"name\":\"customid\",\"value\":\"\"},{\"name\":\"animation\",\"value\":\"\"},{\"name\":\"animation_delay\",\"value\":\"\"},{\"name\":\"background\",\"value\":\"0\"},{\"name\":\"background_color\",\"value\":\"\"},{\"name\":\"background_image\",\"value\":\"\"},{\"name\":\"background_repeat\",\"value\":\"\"},{\"name\":\"background_size\",\"value\":\"\"},{\"name\":\"background_attchment\",\"value\":\"\"},{\"name\":\"background_position\",\"value\":\"\"},{\"name\":\"background_video\",\"value\":\"\"},{\"name\":\"hideonxs\",\"value\":\"0\"},{\"name\":\"hideonsm\",\"value\":\"0\"},{\"name\":\"hideonmd\",\"value\":\"0\"},{\"name\":\"hideonlg\",\"value\":\"0\"},{\"name\":\"hideonxl\",\"value\":\"0\"}]}],\"size\":12,\"type\":\"column\",\"params\":[{\"name\":\"title\",\"value\":\"\"}]}],\"type\":\"row\"}],\"params\":[{\"name\":\"title\",\"value\":\"Astroid Section\"},{\"name\":\"customclass\",\"value\":\"p-0\"},{\"name\":\"customid\",\"value\":\"\"},{\"name\":\"layout_type\",\"value\":\"no-container\"},{\"name\":\"custom_container_class\",\"value\":\"\"},{\"name\":\"animation\",\"value\":\"\"},{\"name\":\"animation_delay\",\"value\":\"\"},{\"name\":\"background_setting\",\"value\":\"color\"},{\"name\":\"background_color\",\"value\":\"\"},{\"name\":\"background_image\",\"value\":\"\"},{\"name\":\"background_repeat\",\"value\":\"\"},{\"name\":\"background_size\",\"value\":\"\"},{\"name\":\"background_attchment\",\"value\":\"\"},{\"name\":\"background_position\",\"value\":\"\"},{\"name\":\"background_video\",\"value\":\"\"},{\"name\":\"background_gradient\",\"value\":\"{\\\"type\\\":\\\"linear\\\",\\\"start\\\":\\\"rgba(0, 0, 0, 0)\\\",\\\"stop\\\":\\\"rgba(0, 0, 0, 0)\\\"}\"},{\"name\":\"background_gradient[gradient_type]\",\"value\":\"linear\"},{\"name\":\"background_gradient[start_color]\",\"value\":\"rgba(0, 0, 0, 0)\"},{\"name\":\"background_gradient[stop_color]\",\"value\":\"rgba(0, 0, 0, 0)\"},{\"name\":\"custom_colors\",\"value\":\"0\"},{\"name\":\"text_color\",\"value\":\"\"},{\"name\":\"link_color\",\"value\":\"\"},{\"name\":\"link_hover_color\",\"value\":\"\"},{\"name\":\"hideonxs\",\"value\":\"0\"},{\"name\":\"hideonsm\",\"value\":\"0\"},{\"name\":\"hideonmd\",\"value\":\"0\"},{\"name\":\"hideonlg\",\"value\":\"0\"},{\"name\":\"hideonxl\",\"value\":\"0\"}]},{\"id\":\"1531739484576\",\"type\":\"section\",\"rows\":[{\"id\":\"1531739484576\",\"cols\":[{\"id\":\"1531739484576\",\"elements\":[{\"id\":\"1531739497128\",\"type\":\"banner\",\"params\":[{\"name\":\"title\",\"value\":\"Page Banner\"},{\"name\":\"customclass\",\"value\":\"\"},{\"name\":\"customid\",\"value\":\"\"},{\"name\":\"background\",\"value\":\"0\"},{\"name\":\"background_color\",\"value\":\"\"},{\"name\":\"background_image\",\"value\":\"\"},{\"name\":\"background_repeat\",\"value\":\"\"},{\"name\":\"background_size\",\"value\":\"\"},{\"name\":\"background_attchment\",\"value\":\"\"},{\"name\":\"background_position\",\"value\":\"\"},{\"name\":\"background_video\",\"value\":\"\"},{\"name\":\"animation\",\"value\":\"\"},{\"name\":\"hideonxs\",\"value\":\"0\"},{\"name\":\"hideonsm\",\"value\":\"0\"},{\"name\":\"hideonmd\",\"value\":\"0\"},{\"name\":\"hideonlg\",\"value\":\"0\"},{\"name\":\"hideonxl\",\"value\":\"0\"}]}],\"size\":12,\"type\":\"column\"}],\"type\":\"row\"}],\"params\":[{\"name\":\"title\",\"value\":\"Banner Section\"},{\"name\":\"customclass\",\"value\":\"p-0 astroid-banner-section\"},{\"name\":\"customid\",\"value\":\"\"},{\"name\":\"layout_type\",\"value\":\"no-container\"},{\"name\":\"custom_container_class\",\"value\":\"\"},{\"name\":\"animation\",\"value\":\"\"},{\"name\":\"animation_delay\",\"value\":\"\"},{\"name\":\"background\",\"value\":\"0\"},{\"name\":\"background_color\",\"value\":\"\"},{\"name\":\"background_image\",\"value\":\"\"},{\"name\":\"background_repeat\",\"value\":\"\"},{\"name\":\"background_size\",\"value\":\"\"},{\"name\":\"background_attchment\",\"value\":\"\"},{\"name\":\"background_position\",\"value\":\"\"},{\"name\":\"background_video\",\"value\":\"\"},{\"name\":\"custom_colors\",\"value\":\"0\"},{\"name\":\"text_color\",\"value\":\"\"},{\"name\":\"link_color\",\"value\":\"\"},{\"name\":\"link_hover_color\",\"value\":\"\"},{\"name\":\"hideonxs\",\"value\":\"0\"},{\"name\":\"hideonsm\",\"value\":\"0\"},{\"name\":\"hideonmd\",\"value\":\"0\"},{\"name\":\"hideonlg\",\"value\":\"0\"},{\"name\":\"hideonxl\",\"value\":\"0\"}]},{\"id\":\"581548219485663\",\"type\":\"section\",\"rows\":[{\"id\":\"371548219485663\",\"cols\":[{\"id\":\"731548219485663\",\"elements\":[{\"id\":\"271548219489567\",\"type\":\"module_position\",\"params\":[{\"name\":\"position\",\"value\":\"breadcrumbs\"},{\"name\":\"title\",\"value\":\"Breadcrumbs\"},{\"name\":\"customclass\",\"value\":\"\"},{\"name\":\"customid\",\"value\":\"\"},{\"name\":\"animation\",\"value\":\"\"},{\"name\":\"animation_delay\",\"value\":\"\"},{\"name\":\"background\",\"value\":\"0\"},{\"name\":\"background_color\",\"value\":\"\"},{\"name\":\"background_image\",\"value\":\"\"},{\"name\":\"background_repeat\",\"value\":\"\"},{\"name\":\"background_size\",\"value\":\"\"},{\"name\":\"background_attchment\",\"value\":\"\"},{\"name\":\"background_position\",\"value\":\"\"},{\"name\":\"background_video\",\"value\":\"\"},{\"name\":\"hideonxs\",\"value\":\"0\"},{\"name\":\"hideonsm\",\"value\":\"0\"},{\"name\":\"hideonmd\",\"value\":\"0\"},{\"name\":\"hideonlg\",\"value\":\"0\"},{\"name\":\"hideonxl\",\"value\":\"0\"}]}],\"size\":12,\"type\":\"column\",\"params\":[{\"name\":\"title\",\"value\":\"\"}]}],\"type\":\"row\"}],\"params\":[{\"name\":\"title\",\"value\":\"Breadcrumbs\"},{\"name\":\"customclass\",\"value\":\"p-0 breadcrumbs-section\"},{\"name\":\"customid\",\"value\":\"\"},{\"name\":\"layout_type\",\"value\":\"\"},{\"name\":\"custom_container_class\",\"value\":\"\"},{\"name\":\"animation\",\"value\":\"\"},{\"name\":\"animation_delay\",\"value\":\"\"},{\"name\":\"background_setting\",\"value\":\"color\"},{\"name\":\"background_color\",\"value\":\"\"},{\"name\":\"background_image\",\"value\":\"\"},{\"name\":\"background_repeat\",\"value\":\"\"},{\"name\":\"background_size\",\"value\":\"\"},{\"name\":\"background_attchment\",\"value\":\"\"},{\"name\":\"background_position\",\"value\":\"\"},{\"name\":\"background_video\",\"value\":\"\"},{\"name\":\"background_gradient\",\"value\":\"{\\\"type\\\":\\\"linear\\\",\\\"start\\\":\\\"rgba(0, 0, 0, 0)\\\",\\\"stop\\\":\\\"rgba(0, 0, 0, 0)\\\"}\"},{\"name\":\"background_gradient[gradient_type]\",\"value\":\"linear\"},{\"name\":\"background_gradient[start_color]\",\"value\":\"rgba(0, 0, 0, 0)\"},{\"name\":\"background_gradient[stop_color]\",\"value\":\"rgba(0, 0, 0, 0)\"},{\"name\":\"custom_colors\",\"value\":\"0\"},{\"name\":\"text_color\",\"value\":\"\"},{\"name\":\"link_color\",\"value\":\"\"},{\"name\":\"link_hover_color\",\"value\":\"\"},{\"name\":\"hideonxs\",\"value\":\"0\"},{\"name\":\"hideonsm\",\"value\":\"0\"},{\"name\":\"hideonmd\",\"value\":\"0\"},{\"name\":\"hideonlg\",\"value\":\"0\"},{\"name\":\"hideonxl\",\"value\":\"0\"}]},{\"id\":\"81549354509478\",\"type\":\"section\",\"rows\":[{\"id\":\"981549354509478\",\"cols\":[{\"id\":\"491549354509478\",\"elements\":[{\"id\":\"411549354512741\",\"type\":\"message\",\"params\":[{\"name\":\"title\",\"value\":\"Messages\"},{\"name\":\"customclass\",\"value\":\"\"},{\"name\":\"customid\",\"value\":\"\"},{\"name\":\"animation\",\"value\":\"\"},{\"name\":\"animation_delay\",\"value\":\"\"},{\"name\":\"background\",\"value\":\"0\"},{\"name\":\"background_color\",\"value\":\"\"},{\"name\":\"background_image\",\"value\":\"\"},{\"name\":\"background_repeat\",\"value\":\"\"},{\"name\":\"background_size\",\"value\":\"\"},{\"name\":\"background_attchment\",\"value\":\"\"},{\"name\":\"background_position\",\"value\":\"\"},{\"name\":\"background_video\",\"value\":\"\"},{\"name\":\"hideonxs\",\"value\":\"0\"},{\"name\":\"hideonsm\",\"value\":\"0\"},{\"name\":\"hideonmd\",\"value\":\"0\"},{\"name\":\"hideonlg\",\"value\":\"0\"},{\"name\":\"hideonxl\",\"value\":\"0\"}]}],\"size\":12,\"type\":\"column\",\"params\":[{\"name\":\"title\",\"value\":\"\"}]}],\"type\":\"row\"}],\"params\":[{\"name\":\"title\",\"value\":\"Messages\"},{\"name\":\"customclass\",\"value\":\"p-0\"},{\"name\":\"customid\",\"value\":\"\"},{\"name\":\"layout_type\",\"value\":\"\"},{\"name\":\"custom_container_class\",\"value\":\"\"},{\"name\":\"animation\",\"value\":\"\"},{\"name\":\"animation_delay\",\"value\":\"\"},{\"name\":\"background_setting\",\"value\":\"color\"},{\"name\":\"background_color\",\"value\":\"\"},{\"name\":\"background_image\",\"value\":\"\"},{\"name\":\"background_repeat\",\"value\":\"\"},{\"name\":\"background_size\",\"value\":\"\"},{\"name\":\"background_attchment\",\"value\":\"\"},{\"name\":\"background_position\",\"value\":\"\"},{\"name\":\"background_video\",\"value\":\"\"},{\"name\":\"background_gradient\",\"value\":\"{\\\"type\\\":\\\"linear\\\",\\\"start\\\":\\\"rgba(0, 0, 0, 0)\\\",\\\"stop\\\":\\\"rgba(0, 0, 0, 0)\\\"}\"},{\"name\":\"background_gradient[gradient_type]\",\"value\":\"linear\"},{\"name\":\"background_gradient[start_color]\",\"value\":\"rgba(0, 0, 0, 0)\"},{\"name\":\"background_gradient[stop_color]\",\"value\":\"rgba(0, 0, 0, 0)\"},{\"name\":\"custom_colors\",\"value\":\"0\"},{\"name\":\"text_color\",\"value\":\"\"},{\"name\":\"link_color\",\"value\":\"\"},{\"name\":\"link_hover_color\",\"value\":\"\"},{\"name\":\"hideonxs\",\"value\":\"0\"},{\"name\":\"hideonsm\",\"value\":\"0\"},{\"name\":\"hideonmd\",\"value\":\"0\"},{\"name\":\"hideonlg\",\"value\":\"0\"},{\"name\":\"hideonxl\",\"value\":\"0\"}]},{\"id\":\"1528971561366\",\"type\":\"section\",\"rows\":[{\"id\":\"1528971561366\",\"cols\":[{\"id\":\"1528971561366\",\"elements\":[{\"id\":\"1531889658434\",\"type\":\"component\",\"params\":[{\"name\":\"title\",\"value\":\"Component Area\"},{\"name\":\"customclass\",\"value\":\"\"},{\"name\":\"customid\",\"value\":\"\"},{\"name\":\"animation\",\"value\":\"\"},{\"name\":\"background\",\"value\":\"0\"},{\"name\":\"background_color\",\"value\":\"\"},{\"name\":\"background_image\",\"value\":\"\"},{\"name\":\"background_repeat\",\"value\":\"\"},{\"name\":\"background_size\",\"value\":\"\"},{\"name\":\"background_attchment\",\"value\":\"\"},{\"name\":\"background_position\",\"value\":\"\"},{\"name\":\"background_video\",\"value\":\"\"},{\"name\":\"hideonxs\",\"value\":\"0\"},{\"name\":\"hideonsm\",\"value\":\"0\"},{\"name\":\"hideonmd\",\"value\":\"0\"},{\"name\":\"hideonlg\",\"value\":\"0\"},{\"name\":\"hideonxl\",\"value\":\"0\"}]}],\"size\":8,\"type\":\"column\"},{\"id\":\"1533022718353\",\"elements\":[{\"id\":\"1533022720505\",\"type\":\"module_position\",\"params\":[{\"name\":\"position\",\"value\":\"right\"},{\"name\":\"title\",\"value\":\"right\"},{\"name\":\"customclass\",\"value\":\"\"},{\"name\":\"customid\",\"value\":\"\"},{\"name\":\"animation\",\"value\":\"\"},{\"name\":\"animation_delay\",\"value\":\"\"},{\"name\":\"background\",\"value\":\"0\"},{\"name\":\"background_color\",\"value\":\"\"},{\"name\":\"background_image\",\"value\":\"\"},{\"name\":\"background_repeat\",\"value\":\"\"},{\"name\":\"background_size\",\"value\":\"\"},{\"name\":\"background_attchment\",\"value\":\"\"},{\"name\":\"background_position\",\"value\":\"\"},{\"name\":\"background_video\",\"value\":\"\"},{\"name\":\"hideonxs\",\"value\":\"0\"},{\"name\":\"hideonsm\",\"value\":\"0\"},{\"name\":\"hideonmd\",\"value\":\"0\"},{\"name\":\"hideonlg\",\"value\":\"0\"},{\"name\":\"hideonxl\",\"value\":\"0\"}]}],\"size\":4,\"type\":\"column\"}],\"type\":\"row\"}],\"params\":[{\"name\":\"title\",\"value\":\"Content Section\"},{\"name\":\"customclass\",\"value\":\"p-0\"},{\"name\":\"customid\",\"value\":\"\"},{\"name\":\"layout_type\",\"value\":\"\"},{\"name\":\"custom_container_class\",\"value\":\"\"},{\"name\":\"animation\",\"value\":\"\"},{\"name\":\"animation_delay\",\"value\":\"\"},{\"name\":\"background_setting\",\"value\":\"color\"},{\"name\":\"background_color\",\"value\":\"\"},{\"name\":\"background_image\",\"value\":\"\"},{\"name\":\"background_repeat\",\"value\":\"\"},{\"name\":\"background_size\",\"value\":\"\"},{\"name\":\"background_attchment\",\"value\":\"\"},{\"name\":\"background_position\",\"value\":\"\"},{\"name\":\"background_video\",\"value\":\"\"},{\"name\":\"background_gradient\",\"value\":\"{\\\"type\\\":\\\"linear\\\",\\\"start\\\":\\\"rgba(0, 0, 0, 0)\\\",\\\"stop\\\":\\\"rgba(0, 0, 0, 0)\\\"}\"},{\"name\":\"background_gradient[gradient_type]\",\"value\":\"linear\"},{\"name\":\"background_gradient[start_color]\",\"value\":\"rgba(0, 0, 0, 0)\"},{\"name\":\"background_gradient[stop_color]\",\"value\":\"rgba(0, 0, 0, 0)\"},{\"name\":\"custom_colors\",\"value\":\"0\"},{\"name\":\"text_color\",\"value\":\"\"},{\"name\":\"link_color\",\"value\":\"\"},{\"name\":\"link_hover_color\",\"value\":\"\"},{\"name\":\"hideonxs\",\"value\":\"0\"},{\"name\":\"hideonsm\",\"value\":\"0\"},{\"name\":\"hideonmd\",\"value\":\"0\"},{\"name\":\"hideonlg\",\"value\":\"0\"},{\"name\":\"hideonxl\",\"value\":\"0\"}]},{\"id\":\"1531288145737\",\"type\":\"section\",\"rows\":[{\"id\":\"1531288145737\",\"cols\":[{\"id\":\"1531288145737\",\"elements\":[{\"id\":\"1531370591258\",\"type\":\"module_position\",\"params\":[{\"name\":\"position\",\"value\":\"bottom-1\"},{\"name\":\"title\",\"value\":\"Bottom 1\"},{\"name\":\"customclass\",\"value\":\"bottom-1\"},{\"name\":\"customid\",\"value\":\"\"},{\"name\":\"animation\",\"value\":\"\"},{\"name\":\"animation_delay\",\"value\":\"\"},{\"name\":\"background\",\"value\":\"0\"},{\"name\":\"background_color\",\"value\":\"\"},{\"name\":\"background_image\",\"value\":\"\"},{\"name\":\"background_repeat\",\"value\":\"\"},{\"name\":\"background_size\",\"value\":\"\"},{\"name\":\"background_attchment\",\"value\":\"\"},{\"name\":\"background_position\",\"value\":\"\"},{\"name\":\"background_video\",\"value\":\"\"},{\"name\":\"hideonxs\",\"value\":\"0\"},{\"name\":\"hideonsm\",\"value\":\"0\"},{\"name\":\"hideonmd\",\"value\":\"0\"},{\"name\":\"hideonlg\",\"value\":\"0\"},{\"name\":\"hideonxl\",\"value\":\"0\"}]}],\"size\":3,\"type\":\"column\",\"params\":[{\"name\":\"title\",\"value\":\"\"},{\"name\":\"customclass\",\"value\":\"\"},{\"name\":\"customid\",\"value\":\"\"},{\"name\":\"animation\",\"value\":\"\"},{\"name\":\"animation_delay\",\"value\":\"\"},{\"name\":\"background\",\"value\":\"0\"},{\"name\":\"background_color\",\"value\":\"\"},{\"name\":\"background_image\",\"value\":\"\"},{\"name\":\"background_repeat\",\"value\":\"\"},{\"name\":\"background_size\",\"value\":\"\"},{\"name\":\"background_attchment\",\"value\":\"\"},{\"name\":\"background_position\",\"value\":\"\"},{\"name\":\"background_video\",\"value\":\"\"},{\"name\":\"custom_colors\",\"value\":\"0\"},{\"name\":\"text_color\",\"value\":\"\"},{\"name\":\"link_color\",\"value\":\"\"},{\"name\":\"link_hover_color\",\"value\":\"\"},{\"name\":\"responsive\",\"value\":\"[{\\\"name\\\":\\\"size_xs\\\",\\\"value\\\":\\\"inherit\\\"},{\\\"name\\\":\\\"hide_xs\\\",\\\"value\\\":1},{\\\"name\\\":\\\"size_sm\\\",\\\"value\\\":\\\"inherit\\\"},{\\\"name\\\":\\\"hide_sm\\\",\\\"value\\\":1},{\\\"name\\\":\\\"size_md\\\",\\\"value\\\":\\\"6\\\"},{\\\"name\\\":\\\"hide_md\\\",\\\"value\\\":1},{\\\"name\\\":\\\"size_lg\\\",\\\"value\\\":\\\"inherit\\\"},{\\\"name\\\":\\\"hide_lg\\\",\\\"value\\\":1},{\\\"name\\\":\\\"size_xl\\\",\\\"value\\\":\\\"inherit\\\"},{\\\"name\\\":\\\"hide_xl\\\",\\\"value\\\":1}]\"}]},{\"id\":\"1531370589306\",\"elements\":[{\"id\":\"1531370592593\",\"type\":\"module_position\",\"params\":[{\"name\":\"position\",\"value\":\"bottom-2\"},{\"name\":\"title\",\"value\":\"Bottom 2\"},{\"name\":\"customclass\",\"value\":\"bottom-2\"},{\"name\":\"customid\",\"value\":\"\"},{\"name\":\"animation\",\"value\":\"\"},{\"name\":\"animation_delay\",\"value\":\"\"},{\"name\":\"background\",\"value\":\"0\"},{\"name\":\"background_color\",\"value\":\"\"},{\"name\":\"background_image\",\"value\":\"\"},{\"name\":\"background_repeat\",\"value\":\"\"},{\"name\":\"background_size\",\"value\":\"\"},{\"name\":\"background_attchment\",\"value\":\"\"},{\"name\":\"background_position\",\"value\":\"\"},{\"name\":\"background_video\",\"value\":\"\"},{\"name\":\"hideonxs\",\"value\":\"0\"},{\"name\":\"hideonsm\",\"value\":\"0\"},{\"name\":\"hideonmd\",\"value\":\"0\"},{\"name\":\"hideonlg\",\"value\":\"0\"},{\"name\":\"hideonxl\",\"value\":\"0\"}]}],\"size\":3,\"type\":\"column\",\"params\":[{\"name\":\"title\",\"value\":\"\"},{\"name\":\"customclass\",\"value\":\"\"},{\"name\":\"customid\",\"value\":\"\"},{\"name\":\"animation\",\"value\":\"\"},{\"name\":\"animation_delay\",\"value\":\"\"},{\"name\":\"background\",\"value\":\"0\"},{\"name\":\"background_color\",\"value\":\"\"},{\"name\":\"background_image\",\"value\":\"\"},{\"name\":\"background_repeat\",\"value\":\"\"},{\"name\":\"background_size\",\"value\":\"\"},{\"name\":\"background_attchment\",\"value\":\"\"},{\"name\":\"background_position\",\"value\":\"\"},{\"name\":\"background_video\",\"value\":\"\"},{\"name\":\"custom_colors\",\"value\":\"0\"},{\"name\":\"text_color\",\"value\":\"\"},{\"name\":\"link_color\",\"value\":\"\"},{\"name\":\"link_hover_color\",\"value\":\"\"},{\"name\":\"responsive\",\"value\":\"[{\\\"name\\\":\\\"size_xs\\\",\\\"value\\\":\\\"inherit\\\"},{\\\"name\\\":\\\"hide_xs\\\",\\\"value\\\":1},{\\\"name\\\":\\\"size_sm\\\",\\\"value\\\":\\\"inherit\\\"},{\\\"name\\\":\\\"hide_sm\\\",\\\"value\\\":1},{\\\"name\\\":\\\"size_md\\\",\\\"value\\\":\\\"6\\\"},{\\\"name\\\":\\\"hide_md\\\",\\\"value\\\":1},{\\\"name\\\":\\\"size_lg\\\",\\\"value\\\":\\\"inherit\\\"},{\\\"name\\\":\\\"hide_lg\\\",\\\"value\\\":1},{\\\"name\\\":\\\"size_xl\\\",\\\"value\\\":\\\"inherit\\\"},{\\\"name\\\":\\\"hide_xl\\\",\\\"value\\\":1}]\"}]},{\"id\":\"1531370589306\",\"elements\":[{\"id\":\"1531370593738\",\"type\":\"module_position\",\"params\":[{\"name\":\"position\",\"value\":\"bottom-3\"},{\"name\":\"title\",\"value\":\"Bottom 3\"},{\"name\":\"customclass\",\"value\":\"bottom-3\"},{\"name\":\"customid\",\"value\":\"\"},{\"name\":\"animation\",\"value\":\"\"},{\"name\":\"animation_delay\",\"value\":\"\"},{\"name\":\"background\",\"value\":\"0\"},{\"name\":\"background_color\",\"value\":\"\"},{\"name\":\"background_image\",\"value\":\"\"},{\"name\":\"background_repeat\",\"value\":\"\"},{\"name\":\"background_size\",\"value\":\"\"},{\"name\":\"background_attchment\",\"value\":\"\"},{\"name\":\"background_position\",\"value\":\"\"},{\"name\":\"background_video\",\"value\":\"\"},{\"name\":\"hideonxs\",\"value\":\"0\"},{\"name\":\"hideonsm\",\"value\":\"0\"},{\"name\":\"hideonmd\",\"value\":\"0\"},{\"name\":\"hideonlg\",\"value\":\"0\"},{\"name\":\"hideonxl\",\"value\":\"0\"}]}],\"size\":3,\"type\":\"column\",\"params\":[{\"name\":\"title\",\"value\":\"\"},{\"name\":\"customclass\",\"value\":\"\"},{\"name\":\"customid\",\"value\":\"\"},{\"name\":\"animation\",\"value\":\"\"},{\"name\":\"animation_delay\",\"value\":\"\"},{\"name\":\"background\",\"value\":\"0\"},{\"name\":\"background_color\",\"value\":\"\"},{\"name\":\"background_image\",\"value\":\"\"},{\"name\":\"background_repeat\",\"value\":\"\"},{\"name\":\"background_size\",\"value\":\"\"},{\"name\":\"background_attchment\",\"value\":\"\"},{\"name\":\"background_position\",\"value\":\"\"},{\"name\":\"background_video\",\"value\":\"\"},{\"name\":\"custom_colors\",\"value\":\"0\"},{\"name\":\"text_color\",\"value\":\"\"},{\"name\":\"link_color\",\"value\":\"\"},{\"name\":\"link_hover_color\",\"value\":\"\"},{\"name\":\"responsive\",\"value\":\"[{\\\"name\\\":\\\"size_xs\\\",\\\"value\\\":\\\"inherit\\\"},{\\\"name\\\":\\\"hide_xs\\\",\\\"value\\\":1},{\\\"name\\\":\\\"size_sm\\\",\\\"value\\\":\\\"inherit\\\"},{\\\"name\\\":\\\"hide_sm\\\",\\\"value\\\":1},{\\\"name\\\":\\\"size_md\\\",\\\"value\\\":\\\"6\\\"},{\\\"name\\\":\\\"hide_md\\\",\\\"value\\\":1},{\\\"name\\\":\\\"size_lg\\\",\\\"value\\\":\\\"inherit\\\"},{\\\"name\\\":\\\"hide_lg\\\",\\\"value\\\":1},{\\\"name\\\":\\\"size_xl\\\",\\\"value\\\":\\\"inherit\\\"},{\\\"name\\\":\\\"hide_xl\\\",\\\"value\\\":1}]\"}]},{\"id\":\"1531370589306\",\"elements\":[{\"id\":\"1531370594970\",\"type\":\"module_position\",\"params\":[{\"name\":\"position\",\"value\":\"bottom-4\"},{\"name\":\"title\",\"value\":\"Bottom 4\"},{\"name\":\"customclass\",\"value\":\"bottom-4\"},{\"name\":\"customid\",\"value\":\"\"},{\"name\":\"animation\",\"value\":\"\"},{\"name\":\"animation_delay\",\"value\":\"\"},{\"name\":\"background\",\"value\":\"0\"},{\"name\":\"background_color\",\"value\":\"\"},{\"name\":\"background_image\",\"value\":\"\"},{\"name\":\"background_repeat\",\"value\":\"\"},{\"name\":\"background_size\",\"value\":\"\"},{\"name\":\"background_attchment\",\"value\":\"\"},{\"name\":\"background_position\",\"value\":\"\"},{\"name\":\"background_video\",\"value\":\"\"},{\"name\":\"hideonxs\",\"value\":\"0\"},{\"name\":\"hideonsm\",\"value\":\"0\"},{\"name\":\"hideonmd\",\"value\":\"0\"},{\"name\":\"hideonlg\",\"value\":\"0\"},{\"name\":\"hideonxl\",\"value\":\"0\"}]}],\"size\":3,\"type\":\"column\",\"params\":[{\"name\":\"title\",\"value\":\"\"},{\"name\":\"customclass\",\"value\":\"\"},{\"name\":\"customid\",\"value\":\"\"},{\"name\":\"animation\",\"value\":\"\"},{\"name\":\"animation_delay\",\"value\":\"\"},{\"name\":\"background\",\"value\":\"0\"},{\"name\":\"background_color\",\"value\":\"\"},{\"name\":\"background_image\",\"value\":\"\"},{\"name\":\"background_repeat\",\"value\":\"\"},{\"name\":\"background_size\",\"value\":\"\"},{\"name\":\"background_attchment\",\"value\":\"\"},{\"name\":\"background_position\",\"value\":\"\"},{\"name\":\"background_video\",\"value\":\"\"},{\"name\":\"custom_colors\",\"value\":\"0\"},{\"name\":\"text_color\",\"value\":\"\"},{\"name\":\"link_color\",\"value\":\"\"},{\"name\":\"link_hover_color\",\"value\":\"\"},{\"name\":\"responsive\",\"value\":\"[{\\\"name\\\":\\\"size_xs\\\",\\\"value\\\":\\\"inherit\\\"},{\\\"name\\\":\\\"hide_xs\\\",\\\"value\\\":1},{\\\"name\\\":\\\"size_sm\\\",\\\"value\\\":\\\"inherit\\\"},{\\\"name\\\":\\\"hide_sm\\\",\\\"value\\\":1},{\\\"name\\\":\\\"size_md\\\",\\\"value\\\":\\\"6\\\"},{\\\"name\\\":\\\"hide_md\\\",\\\"value\\\":1},{\\\"name\\\":\\\"size_lg\\\",\\\"value\\\":\\\"inherit\\\"},{\\\"name\\\":\\\"hide_lg\\\",\\\"value\\\":1},{\\\"name\\\":\\\"size_xl\\\",\\\"value\\\":\\\"inherit\\\"},{\\\"name\\\":\\\"hide_xl\\\",\\\"value\\\":1}]\"}]}],\"type\":\"row\"}],\"params\":[{\"name\":\"title\",\"value\":\"Astroid Bottom\"},{\"name\":\"customclass\",\"value\":\"bottom-section\"},{\"name\":\"customid\",\"value\":\"\"},{\"name\":\"layout_type\",\"value\":\"\"},{\"name\":\"custom_container_class\",\"value\":\"\"},{\"name\":\"animation\",\"value\":\"\"},{\"name\":\"animation_delay\",\"value\":\"\"},{\"name\":\"background_setting\",\"value\":\"color\"},{\"name\":\"background_color\",\"value\":\"rgb(38, 40, 44)\"},{\"name\":\"background_image\",\"value\":\"\"},{\"name\":\"background_repeat\",\"value\":\"\"},{\"name\":\"background_size\",\"value\":\"\"},{\"name\":\"background_attchment\",\"value\":\"\"},{\"name\":\"background_position\",\"value\":\"\"},{\"name\":\"background_video\",\"value\":\"\"},{\"name\":\"background_gradient\",\"value\":\"{\\\"type\\\":\\\"linear\\\",\\\"start\\\":\\\"rgba(0, 0, 0, 0)\\\",\\\"stop\\\":\\\"rgba(0, 0, 0, 0)\\\"}\"},{\"name\":\"background_gradient[gradient_type]\",\"value\":\"linear\"},{\"name\":\"background_gradient[start_color]\",\"value\":\"rgba(0, 0, 0, 0)\"},{\"name\":\"background_gradient[stop_color]\",\"value\":\"rgba(0, 0, 0, 0)\"},{\"name\":\"custom_colors\",\"value\":\"1\"},{\"name\":\"text_color\",\"value\":\"rgb(255, 255, 255)\"},{\"name\":\"link_color\",\"value\":\"rgb(255, 255, 255)\"},{\"name\":\"link_hover_color\",\"value\":\"rgb(255, 255, 255)\"},{\"name\":\"hideonxs\",\"value\":\"0\"},{\"name\":\"hideonsm\",\"value\":\"0\"},{\"name\":\"hideonmd\",\"value\":\"0\"},{\"name\":\"hideonlg\",\"value\":\"0\"},{\"name\":\"hideonxl\",\"value\":\"0\"}]},{\"id\":\"1528971627712\",\"type\":\"section\",\"rows\":[{\"id\":\"1528971627712\",\"cols\":[{\"id\":\"1528971627712\",\"elements\":[{\"id\":\"1528971723326\",\"type\":\"module_position\",\"params\":[{\"name\":\"position\",\"value\":\"footer-1\"},{\"name\":\"title\",\"value\":\"Footer 1\"},{\"name\":\"customclass\",\"value\":\"\"},{\"name\":\"customid\",\"value\":\"\"},{\"name\":\"animation\",\"value\":\"\"},{\"name\":\"animation_delay\",\"value\":\"\"},{\"name\":\"background\",\"value\":\"0\"},{\"name\":\"background_color\",\"value\":\"\"},{\"name\":\"background_image\",\"value\":\"\"},{\"name\":\"background_repeat\",\"value\":\"\"},{\"name\":\"background_size\",\"value\":\"\"},{\"name\":\"background_attchment\",\"value\":\"\"},{\"name\":\"background_position\",\"value\":\"\"},{\"name\":\"background_video\",\"value\":\"\"},{\"name\":\"hideonxs\",\"value\":\"0\"},{\"name\":\"hideonsm\",\"value\":\"0\"},{\"name\":\"hideonmd\",\"value\":\"0\"},{\"name\":\"hideonlg\",\"value\":\"0\"},{\"name\":\"hideonxl\",\"value\":\"0\"}]}],\"size\":9,\"type\":\"column\"},{\"id\":\"1531390344580\",\"elements\":[{\"id\":\"1531390346724\",\"type\":\"module_position\",\"params\":[{\"name\":\"position\",\"value\":\"footer-2\"},{\"name\":\"title\",\"value\":\"Footer 2\"},{\"name\":\"customclass\",\"value\":\"\"},{\"name\":\"customid\",\"value\":\"\"},{\"name\":\"animation\",\"value\":\"\"},{\"name\":\"animation_delay\",\"value\":\"\"},{\"name\":\"background\",\"value\":\"0\"},{\"name\":\"background_color\",\"value\":\"\"},{\"name\":\"background_image\",\"value\":\"\"},{\"name\":\"background_repeat\",\"value\":\"\"},{\"name\":\"background_size\",\"value\":\"\"},{\"name\":\"background_attchment\",\"value\":\"\"},{\"name\":\"background_position\",\"value\":\"\"},{\"name\":\"background_video\",\"value\":\"\"},{\"name\":\"hideonxs\",\"value\":\"0\"},{\"name\":\"hideonsm\",\"value\":\"0\"},{\"name\":\"hideonmd\",\"value\":\"0\"},{\"name\":\"hideonlg\",\"value\":\"0\"},{\"name\":\"hideonxl\",\"value\":\"0\"}]}],\"size\":3,\"type\":\"column\"}],\"type\":\"row\"}],\"params\":[{\"name\":\"title\",\"value\":\"Footer Section\"},{\"name\":\"customclass\",\"value\":\"py-2\"},{\"name\":\"customid\",\"value\":\"\"},{\"name\":\"layout_type\",\"value\":\"\"},{\"name\":\"custom_container_class\",\"value\":\"\"},{\"name\":\"animation\",\"value\":\"\"},{\"name\":\"animation_delay\",\"value\":\"\"},{\"name\":\"background_setting\",\"value\":\"color\"},{\"name\":\"background_color\",\"value\":\"rgb(47, 142, 237)\"},{\"name\":\"background_image\",\"value\":\"\"},{\"name\":\"background_repeat\",\"value\":\"\"},{\"name\":\"background_size\",\"value\":\"\"},{\"name\":\"background_attchment\",\"value\":\"\"},{\"name\":\"background_position\",\"value\":\"\"},{\"name\":\"background_video\",\"value\":\"\"},{\"name\":\"background_gradient\",\"value\":\"{\\\"type\\\":\\\"linear\\\",\\\"start\\\":\\\"rgba(0, 0, 0, 0)\\\",\\\"stop\\\":\\\"rgba(0, 0, 0, 0)\\\"}\"},{\"name\":\"background_gradient[gradient_type]\",\"value\":\"linear\"},{\"name\":\"background_gradient[start_color]\",\"value\":\"rgba(0, 0, 0, 0)\"},{\"name\":\"background_gradient[stop_color]\",\"value\":\"rgba(0, 0, 0, 0)\"},{\"name\":\"custom_colors\",\"value\":\"1\"},{\"name\":\"text_color\",\"value\":\"rgb(255, 255, 255)\"},{\"name\":\"link_color\",\"value\":\"rgb(255, 255, 255)\"},{\"name\":\"link_hover_color\",\"value\":\"rgb(255, 255, 255)\"},{\"name\":\"hideonxs\",\"value\":\"0\"},{\"name\":\"hideonsm\",\"value\":\"0\"},{\"name\":\"hideonmd\",\"value\":\"0\"},{\"name\":\"hideonlg\",\"value\":\"0\"},{\"name\":\"hideonxl\",\"value\":\"0\"}]}]}",
   "astroidcontentlayouts": "header:astroid-header:after,social:footer-2:after,footer:footer-1:after,contactinfo:astroid-top-contact:after",
   "body_typography": "custom",
   "body_typography_options": {
      "font_face": "Montserrat:100,100i,200,200i,300,300i,400,400i,500,500i,600,600i,700,700i,800,800i,900,900i",
      "alt_font_face": "MS Sans Serif, Geneva, sans-serif",
      "font_weight": "400",
      "font_size_unit": {
         "desktop": "em",
         "tablet": "em",
         "mobile": "em"
      },
      "font_size": {
         "desktop": "1",
         "tablet": "1",
         "mobile": "1"
      },
      "letter_spacing_unit": {
         "desktop": "em",
         "tablet": "em",
         "mobile": "em"
      },
      "letter_spacing": {
         "desktop": "0",
         "tablet": "0",
         "mobile": "0"
      },
      "line_height_unit": {
         "desktop": "em",
         "tablet": "em",
         "mobile": "em"
      },
      "line_height": {
         "desktop": "1.75",
         "tablet": "1.75",
         "mobile": "1.75"
      },
      "text_transform": "none"
   },
   "menus_typography": "custom",
   "menu_typography_options": {
      "font_face": "Open+Sans:300,300i,400,400i,600,600i,700,700i,800,800i",
      "alt_font_face": "Arial, Helvetica, sans-serif",
      "font_weight": "400",
      "font_size_unit": {
         "desktop": "em",
         "tablet": "em",
         "mobile": "em"
      },
      "font_size": {
         "desktop": "1",
         "tablet": "1",
         "mobile": "1"
      },
      "letter_spacing_unit": {
         "desktop": "em",
         "tablet": "em",
         "mobile": "em"
      },
      "letter_spacing": {
         "desktop": "0",
         "tablet": "0",
         "mobile": "0"
      },
      "line_height_unit": {
         "desktop": "em",
         "tablet": "em",
         "mobile": "em"
      },
      "line_height": {
         "desktop": "1",
         "tablet": "1",
         "mobile": "1"
      },
      "text_transform": "none"
   },
   "submenus_typography": "custom",
   "submenu_typography_options": {
      "font_face": "Open+Sans:300,300i,400,400i,600,600i,700,700i,800,800i",
      "alt_font_face": "Arial, Helvetica, sans-serif",
      "font_weight": "400",
      "font_size_unit": {
         "desktop": "em",
         "tablet": "em",
         "mobile": "em"
      },
      "font_size": {
         "desktop": "1",
         "tablet": "1",
         "mobile": "1"
      },
      "letter_spacing_unit": {
         "desktop": "em",
         "tablet": "em",
         "mobile": "em"
      },
      "letter_spacing": {
         "desktop": "0",
         "tablet": "0",
         "mobile": "0"
      },
      "line_height_unit": {
         "desktop": "em",
         "tablet": "em",
         "mobile": "em"
      },
      "line_height": {
         "desktop": "1",
         "tablet": "1",
         "mobile": "1"
      },
      "text_transform": "none"
   },
   "h1_typography": "custom",
   "h1_typography_options": {
      "font_face": "Open+Sans:300,300i,400,400i,600,600i,700,700i,800,800i",
      "alt_font_face": "Arial, Helvetica, sans-serif",
      "font_weight": "700",
      "font_size_unit": {
         "desktop": "em",
         "tablet": "em",
         "mobile": "em"
      },
      "font_size": {
         "desktop": "3.45",
         "tablet": "3",
         "mobile": "2.8"
      },
      "letter_spacing_unit": {
         "desktop": "em",
         "tablet": "em",
         "mobile": "em"
      },
      "letter_spacing": {
         "desktop": "0",
         "tablet": "0",
         "mobile": "0"
      },
      "line_height_unit": {
         "desktop": "em",
         "tablet": "em",
         "mobile": "em"
      },
      "line_height": {
         "desktop": "1.2",
         "tablet": "1.2",
         "mobile": "1.2"
      },
      "font_color": "",
      "text_transform": "none"
   },
   "h2_typography": "custom",
   "h2_typography_options": {
      "font_face": "Open+Sans:300,300i,400,400i,600,600i,700,700i,800,800i",
      "alt_font_face": "Arial, Helvetica, sans-serif",
      "font_weight": "600",
      "font_size_unit": {
         "desktop": "em",
         "tablet": "em",
         "mobile": "em"
      },
      "font_size": {
         "desktop": "2.6",
         "tablet": "2.1",
         "mobile": "1.9"
      },
      "letter_spacing_unit": {
         "desktop": "em",
         "tablet": "em",
         "mobile": "em"
      },
      "letter_spacing": {
         "desktop": "0",
         "tablet": "0",
         "mobile": "0"
      },
      "line_height_unit": {
         "desktop": "em",
         "tablet": "em",
         "mobile": "em"
      },
      "line_height": {
         "desktop": "1.2",
         "tablet": "1.2",
         "mobile": "1.2"
      },
      "font_color": "",
      "text_transform": "none"
   },
   "h3_typography": "custom",
   "h3_typography_options": {
      "font_face": "Open+Sans:300,300i,400,400i,600,600i,700,700i,800,800i",
      "alt_font_face": "Arial, Helvetica, sans-serif",
      "font_weight": "600",
      "font_size_unit": {
         "desktop": "em",
         "tablet": "em",
         "mobile": "em"
      },
      "font_size": {
         "desktop": "2",
         "tablet": "1.6",
         "mobile": "1.4"
      },
      "letter_spacing_unit": {
         "desktop": "em",
         "tablet": "em",
         "mobile": "em"
      },
      "letter_spacing": {
         "desktop": "0",
         "tablet": "0",
         "mobile": "0"
      },
      "line_height_unit": {
         "desktop": "em",
         "tablet": "em",
         "mobile": "em"
      },
      "line_height": {
         "desktop": "1.2",
         "tablet": "1.2",
         "mobile": "1.2"
      },
      "font_color": "",
      "text_transform": "none"
   },
   "h4_typography": "custom",
   "h4_typography_options": {
      "font_face": "Open+Sans:300,300i,400,400i,600,600i,700,700i,800,800i",
      "alt_font_face": "Arial, Helvetica, sans-serif",
      "font_weight": "600",
      "font_size_unit": {
         "desktop": "em",
         "tablet": "em",
         "mobile": "em"
      },
      "font_size": {
         "desktop": "1.7",
         "tablet": "1.5",
         "mobile": "1.2"
      },
      "letter_spacing_unit": {
         "desktop": "em",
         "tablet": "em",
         "mobile": "em"
      },
      "letter_spacing": {
         "desktop": "0",
         "tablet": "0",
         "mobile": "0"
      },
      "line_height_unit": {
         "desktop": "em",
         "tablet": "em",
         "mobile": "em"
      },
      "line_height": {
         "desktop": "1.2",
         "tablet": "1.2",
         "mobile": "1.2"
      },
      "font_color": "",
      "text_transform": "none"
   },
   "h5_typography": "custom",
   "h5_typography_options": {
      "font_face": "Open+Sans:300,300i,400,400i,600,600i,700,700i,800,800i",
      "alt_font_face": "Arial, Helvetica, sans-serif",
      "font_weight": "600",
      "font_size_unit": {
         "desktop": "em",
         "tablet": "em",
         "mobile": "em"
      },
      "font_size": {
         "desktop": "1.4",
         "tablet": "1.3",
         "mobile": "1.2"
      },
      "letter_spacing_unit": {
         "desktop": "em",
         "tablet": "em",
         "mobile": "em"
      },
      "letter_spacing": {
         "desktop": "0",
         "tablet": "0",
         "mobile": "0"
      },
      "line_height_unit": {
         "desktop": "em",
         "tablet": "em",
         "mobile": "em"
      },
      "line_height": {
         "desktop": "1.2",
         "tablet": "1.2",
         "mobile": "1.2"
      },
      "font_color": "",
      "text_transform": "none"
   },
   "h6_typography": "custom",
   "h6_typography_options": {
      "font_face": "Open+Sans:300,300i,400,400i,600,600i,700,700i,800,800i",
      "alt_font_face": "Arial, Helvetica, sans-serif",
      "font_weight": "600",
      "font_size_unit": {
         "desktop": "em",
         "tablet": "em",
         "mobile": "em"
      },
      "font_size": {
         "desktop": "1.2",
         "tablet": "1.1",
         "mobile": "1.1"
      },
      "letter_spacing_unit": {
         "desktop": "em",
         "tablet": "em",
         "mobile": "em"
      },
      "letter_spacing": {
         "desktop": "0",
         "tablet": "0",
         "mobile": "0"
      },
      "line_height_unit": {
         "desktop": "em",
         "tablet": "em",
         "mobile": "em"
      },
      "line_height": {
         "desktop": "1.2",
         "tablet": "1.2",
         "mobile": "1.2"
      },
      "font_color": "",
      "text_transform": "none"
   },
   "custom_typography": "inherit",
   "custom_typography_selectors": "",
   "custom_typography_options": {
      "font_face": "Arial, Helvetica, sans-serif",
      "alt_font_face": "Arial, Helvetica, sans-serif",
      "font_weight": "500",
      "font_size_unit": {
         "desktop": "em",
         "tablet": "em",
         "mobile": "em"
      },
      "font_size": {
         "desktop": "0.7",
         "tablet": "0.7",
         "mobile": "0.7"
      },
      "letter_spacing_unit": {
         "desktop": "em",
         "tablet": "em",
         "mobile": "em"
      },
      "letter_spacing": {
         "desktop": "1",
         "tablet": "1",
         "mobile": "1"
      },
      "line_height_unit": {
         "desktop": "em",
         "tablet": "em",
         "mobile": "em"
      },
      "line_height": {
         "desktop": "1",
         "tablet": "1",
         "mobile": "1"
      },
      "font_color": "rgb(0, 0, 0)",
      "text_transform": "none"
   },
   "article_authorinfo": "0",
   "article_rating": "1",
   "article_relatedposts": "1",
   "article_relatedposts_count": "4",
   "article_relatedposts_posttype": "1",
   "article_relatedposts_badge": "1",
   "astroid_article_readtime": "1",
   "article_socialshare_type": "none",
   "article_socialshare_addthis": "",
   "article_socialshare_sharethis": "",
   "article_opengraph": "0",
   "article_opengraph_facebook": "",
   "article_opengraph_twitter": "",
   "twittercardtype": "summary_large_image",
   "article_comments": "none",
   "article_comments_fb_id": "",
   "article_comments_fb_width": "200",
   "article_comments_disqus_id": "",
   "article_comments_hyper_id": "",
   "article_comments_intense_id": "",
   "article_posttype": "1",
   "astroid_readtime": "0",
   "astroid_badge": "1",
   "social_profiles_position": "footer-2",
   "social_profiles_load_position": "after",
   "social_profiles_style": "1",
   "social_profiles": "[{\"title\":\"Facebook\",\"link\":\"https:\/\/www.facebook.com\/joomdev\",\"icons\":[\"fab fa-facebook-f\",\"fab fa-facebook\",\"fab fa-facebook-square\"],\"color\":\"#39539E\",\"enabled\":false,\"icon\":\"fab fa-facebook-f\",\"id\":\"facebook\"},{\"title\":\"Twitter\",\"link\":\"https:\/\/twitter.com\/joomdev\",\"icons\":[\"fab fa-twitter\",\"fab fa-twitter-square\"],\"color\":\"#3DA9F6\",\"enabled\":false,\"icon\":\"fab fa-twitter\",\"id\":\"twitter\"},{\"title\":\"Github\",\"link\":\"https:\/\/github.com\/joomdev\/astroid-framework\",\"icons\":[\"fab fa-github\",\"fab fa-github-square\",\"fab fa-github-alt\"],\"color\":\"#171515\",\"enabled\":false,\"icon\":\"fab fa-github\",\"id\":\"github\"},{\"title\":\"LinkedIn\",\"link\":\"https:\/\/www.linkedin.com\/company\/joomdev-corporation\",\"icons\":[\"fab fa-linkedin-in\",\"fab fa-linkedin\"],\"color\":\"#006FB8\",\"enabled\":false,\"icon\":\"fab fa-linkedin-in\",\"id\":\"linkedin\"}]",
   "trackingcode": "",
   "beforehead": "",
   "beforebody": "",
   "customcss": "",
   "customcssfiles": "",
   "customjs": "",
   "customjsfiles": "",
   "footer": "1",
   "footer_copyright": "Copyright \u00a9 {year}, {sitename}.",
   "footer_module_position": "footer-1",
   "footer_load_position": "after",
   "contact_details": "1",
   "contact_module_position": "astroid-top-contact",
   "contact_feature_load_position": "after",
   "contact_address": "",
   "contact_phone_number": " Education Department: +1 (202) 555-0187",
   "contact_mobile_number": "",
   "contact_email_address": "",
   "contact_open_hours": "",
   "contact_display": "icons",
   "icon_color": "",
   "development_mode": "0",
   "coming_soon_logo": "logo-white.png",
   "coming_soon_content": "<h2 class=\"mb-4 title\">COMING SOON<\/h2>\r\n<h5 class=\"text-white\">Our website is under construction. we are working very hard<br>to give you the best experience with this one<\/h5>",
   "coming_soon_countdown_date": "January 20th 2018, 12:01 pm",
   "coming_soon_social": "1",
   "background_setting": "0",
   "background_color": "",
   "img_background_color": "",
   "background_image": "",
   "background_repeat": "",
   "background_size": "",
   "background_attchment": "",
   "background_position": "",
   "background_video": "",
   "error_404_content": "<p>{errorcode}<\/p>\r\n<p>{errormessage}<\/p>\r\n<h2 class=\"mb-4\">SOMETHING WENT WRONG<\/h2>",
   "error_call_to_action": "Go Home",
   "background_setting_404": "0",
   "background_color_404": "",
   "img_background_color_404": "",
   "background_image_404": "",
   "background_repeat_404": "",
   "background_size_404": "",
   "background_attchment_404": "",
   "background_position_404": "",
   "background_video_404": "",
   "favicon": "jd_paris\/favicon.png",
   "lazyload": "0",
   "lazyload_imgs": "",
   "lazyload_imgs_action": "include",
   "lazyload_components": "",
   "lazyload_components_action": "include",
   "lazyload_urls": "",
   "lazyload_urls_action": "include",
   "lazyload_classes": "",
   "lazyload_classes_action": "include",
   "lazyload_exclude_views": "",
   "minify_css": "0",
   "minify_js": "0",
   "minify_js_excludes": "",
   "minify_html": "0",
   "minify_html_level": "basic",
   "theme_blue": "rgb(0, 123, 255)",
   "theme_indigo": "rgb(102, 16, 242)",
   "theme_purple": "rgb(111, 66, 193)",
   "theme_pink": "rgb(255, 51, 102)",
   "theme_red": "rgb(220, 53, 69)",
   "theme_orange": "rgb(253, 126, 20)",
   "theme_yellow": "rgb(255, 193, 7)",
   "theme_green": "rgb(40, 167, 69)",
   "theme_teal": "rgb(32, 201, 151)",
   "theme_cyan": "rgb(23, 162, 184)",
   "theme_white": "rgb(255, 255, 255)",
   "theme_gray100": "rgb(248, 249, 250)",
   "theme_gray600": "rgb(108, 117, 125)",
   "theme_gray800": "rgb(33, 37, 41)",
   "theme_primary": "blue",
   "theme_primary_custom": "",
   "theme_secondary": "gray800",
   "theme_secondary_custom": "",
   "theme_success": "green",
   "theme_success_custom": "",
   "theme_info": "cyan",
   "theme_info_custom": "",
   "theme_warning": "yellow",
   "theme_warning_custom": "",
   "theme_danger": "red",
   "theme_danger_custom": "",
   "theme_light": "gray100",
   "theme_light_custom": "",
   "theme_dark": "gray800",
   "theme_dark_custom": "",
   "sass_overrides": "[{\"variable\":\"btn-border-radius-lg\",\"value\":\"0.2rem\",\"color\":false},{\"variable\":\"btn-padding-y-lg\",\"value\":\"0.6rem\",\"color\":false},{\"variable\":\"btn-padding-x-lg\",\"value\":\"2.5rem\",\"color\":false}]"
}