<?xml version="1.0" encoding="utf-8"?>
<extension type="module" version="3.1" client="site" method="upgrade">
    <name>JD Builder Module</name>
    <creationDate>Aug 2020</creationDate>
    <author>Team Joomdev</author>
    <authorEmail>info@joomdev.com</authorEmail>
    <authorUrl>https://www.joomdev.com</authorUrl>
    <copyright>Copyright (C) 2020 Joomdev, Inc. All rights reserved.</copyright>
    <license>GNU General Public License version 2 or later; see LICENSE.txt</license>
    <version>1.8.0</version>
    <description>This Module allows you to create your own Module using the JD Builder.</description>
    <files>
        <filename>mod_jdbuilder.xml</filename>
        <filename module="mod_jdbuilder">mod_jdbuilder.php</filename>
        <filename>helper.php</filename>
        <folder>tmpl</folder>
    </files>
    <config>
        <fields name="params">
            <fieldset addfieldpath="/plugins/system/jdbuilder/fields" name="basic">
                <field name="jdbuilder_layout" default="0" type="jdbeditor" />
            </fieldset>
			<fieldset name="advanced">
				<field name="layout" type="modulelayout" label="JFIELD_ALT_LAYOUT_LABEL" description="JFIELD_ALT_MODULE_LAYOUT_DESC" />
				<field name="moduleclass_sfx" type="textarea" rows="3" label="COM_MODULES_FIELD_MODULECLASS_SFX_LABEL" description="COM_MODULES_FIELD_MODULECLASS_SFX_DESC" />
				<field name="cache" type="list" default="1" label="COM_MODULES_FIELD_CACHING_LABEL" description="COM_MODULES_FIELD_CACHING_DESC">
					<option value="1">JGLOBAL_USE_GLOBAL</option>
					<option value="0">COM_MODULES_FIELD_VALUE_NOCACHING</option>
				</field>
				<field name="cache_time" type="text" default="900" label="COM_MODULES_FIELD_CACHE_TIME_LABEL" description="COM_MODULES_FIELD_CACHE_TIME_DESC" />
				<field name="cachemode" type="hidden" default="itemid">
					<option value="itemid"></option>
				</field>
			</fieldset>
        </fields>
    </config>
</extension>